,bigram_one,bigram_two,count
0,windows/nt,windows/windows,49168
1,windows/nt,build/identifier,54322
2,windows/nt,START/user-agent,54188
3,windows/nt,nt/5.1,40483
4,windows/nt,reproducible/always,48499
5,windows/nt,steps/reproduce,46737
6,windows/nt,actual/results,43466
7,windows/nt,expected/results,42856
8,windows/nt,always/steps,42009
9,windows/nt,5.1/en-us,27482
10,windows/nt,reproduce/1,28144
11,windows/nt,x11/linux,234
12,windows/nt,linux/i686,194
13,windows/nt,net/clr,8979
14,windows/nt,nt/6.1,9476
15,windows/nt,2/3,9900
16,windows/nt,i686/en-us,124
17,windows/nt,clr/3.5.30729,6325
18,windows/nt,3/actual,7872
19,windows/nt,nt/6.0,5946
20,windows/nt,intel/os,97
21,windows/nt,macintosh/intel,97
22,windows/nt,nt/5.0,5624
23,windows/nt,user/agent,6722
24,windows/nt,build/id,5681
25,windows/nt,ppc/os,47
26,windows/nt,macintosh/ppc,46
27,windows/nt,5.0/en-us,4280
28,windows/nt,1/2,5079
29,windows/nt,results/firefox,4200
30,windows/nt,START/user,5136
31,windows/nt,6.0/en-us,3678
32,windows/nt,always/END,5077
33,windows/nt,os/mach-o,36
34,windows/nt,1/open,4008
35,windows/nt,START/created,1753
36,windows/nt,6.1/wow64,4523
37,windows/nt,3/END,4215
38,windows/nt,mach-o/en-us,32
39,windows/nt,results/expected,4011
40,windows/nt,reproducible/sometimes,4106
41,windows/nt,en-us/rv:1.7.5,1943
42,windows/nt,firefox/2,2995
43,windows/nt,results/END,3525
44,windows/nt,3.5.30729/build,4920
45,windows/nt,sometimes/steps,3584
46,windows/nt,en-us/rv:1.7,1774
47,windows/nt,os/10.5,41
48,windows/nt,firefox/3,2253
49,windows/windows,build/identifier,47713
50,windows/windows,START/user-agent,47702
51,windows/windows,nt/5.1,35487
52,windows/windows,reproducible/always,42589
53,windows/windows,steps/reproduce,41615
54,windows/windows,actual/results,33295
55,windows/windows,expected/results,33113
56,windows/windows,always/steps,37389
57,windows/windows,5.1/en-us,27477
58,windows/windows,reproduce/1,25377
59,windows/windows,x11/linux,218
60,windows/windows,linux/i686,183
61,windows/windows,net/clr,6548
62,windows/windows,nt/6.1,2922
63,windows/windows,2/3,8747
64,windows/windows,i686/en-us,125
65,windows/windows,clr/3.5.30729,5549
66,windows/windows,3/actual,6820
67,windows/windows,nt/6.0,4969
68,windows/windows,intel/os,91
69,windows/windows,macintosh/intel,91
70,windows/windows,nt/5.0,5210
71,windows/windows,user/agent,318
72,windows/windows,build/id,323
73,windows/windows,ppc/os,51
74,windows/windows,macintosh/ppc,51
75,windows/windows,5.0/en-us,4280
76,windows/windows,1/2,4575
77,windows/windows,results/firefox,3194
78,windows/windows,START/user,165
79,windows/windows,6.0/en-us,3678
80,windows/windows,always/END,4073
81,windows/windows,os/mach-o,42
82,windows/windows,1/open,3400
83,windows/windows,START/created,216
84,windows/windows,6.1/wow64,341
85,windows/windows,3/END,3816
86,windows/windows,mach-o/en-us,39
87,windows/windows,results/expected,3097
88,windows/windows,reproducible/sometimes,3661
89,windows/windows,en-us/rv:1.7.5,1941
90,windows/windows,firefox/2,2568
91,windows/windows,results/END,2502
92,windows/windows,3.5.30729/build,4773
93,windows/windows,sometimes/steps,3214
94,windows/windows,en-us/rv:1.7,1774
95,windows/windows,os/10.5,38
96,windows/windows,firefox/3,1991
97,build/identifier,START/user-agent,76051
98,build/identifier,nt/5.1,37757
99,build/identifier,reproducible/always,68300
100,build/identifier,steps/reproduce,65861
101,build/identifier,actual/results,52794
102,build/identifier,expected/results,52369
103,build/identifier,always/steps,59486
104,build/identifier,5.1/en-us,26654
105,build/identifier,reproduce/1,40510
106,build/identifier,x11/linux,10933
107,build/identifier,linux/i686,9361
108,build/identifier,net/clr,8680
109,build/identifier,nt/6.1,5179
110,build/identifier,2/3,13660
111,build/identifier,i686/en-us,6917
112,build/identifier,clr/3.5.30729,6012
113,build/identifier,3/actual,10988
114,build/identifier,nt/6.0,5453
115,build/identifier,intel/os,4529
116,build/identifier,macintosh/intel,4528
117,build/identifier,nt/5.0,5285
118,build/identifier,user/agent,116
119,build/identifier,build/id,87
120,build/identifier,ppc/os,4200
121,build/identifier,macintosh/ppc,4200
122,build/identifier,5.0/en-us,3975
123,build/identifier,1/2,7083
124,build/identifier,results/firefox,5188
125,build/identifier,START/user,1
126,build/identifier,6.0/en-us,3551
127,build/identifier,always/END,6932
128,build/identifier,os/mach-o,3383
129,build/identifier,1/open,5351
130,build/identifier,START/created,39
131,build/identifier,6.1/wow64,1733
132,build/identifier,3/END,5783
133,build/identifier,mach-o/en-us,2979
134,build/identifier,results/expected,4977
135,build/identifier,reproducible/sometimes,5548
136,build/identifier,en-us/rv:1.7.5,2737
137,build/identifier,firefox/2,4076
138,build/identifier,results/END,3996
139,build/identifier,3.5.30729/build,4913
140,build/identifier,sometimes/steps,4888
141,build/identifier,en-us/rv:1.7,2455
142,build/identifier,os/10.5,2155
143,build/identifier,firefox/3,3130
144,START/user-agent,nt/5.1,37752
145,START/user-agent,reproducible/always,68230
146,START/user-agent,steps/reproduce,65787
147,START/user-agent,actual/results,52680
148,START/user-agent,expected/results,52261
149,START/user-agent,always/steps,59417
150,START/user-agent,5.1/en-us,26651
151,START/user-agent,reproduce/1,40410
152,START/user-agent,x11/linux,10928
153,START/user-agent,linux/i686,9355
154,START/user-agent,net/clr,8678
155,START/user-agent,nt/6.1,5046
156,START/user-agent,2/3,13658
157,START/user-agent,i686/en-us,6917
158,START/user-agent,clr/3.5.30729,6010
159,START/user-agent,3/actual,10986
160,START/user-agent,nt/6.0,5453
161,START/user-agent,intel/os,4530
162,START/user-agent,macintosh/intel,4529
163,START/user-agent,nt/5.0,5288
164,START/user-agent,user/agent,114
165,START/user-agent,build/id,88
166,START/user-agent,ppc/os,4201
167,START/user-agent,macintosh/ppc,4201
168,START/user-agent,5.0/en-us,3978
169,START/user-agent,1/2,7083
170,START/user-agent,results/firefox,5187
171,START/user-agent,6.0/en-us,3551
172,START/user-agent,always/END,6931
173,START/user-agent,os/mach-o,3384
174,START/user-agent,1/open,5320
175,START/user-agent,6.1/wow64,1602
176,START/user-agent,3/END,5783
177,START/user-agent,mach-o/en-us,2980
178,START/user-agent,results/expected,4972
179,START/user-agent,reproducible/sometimes,5548
180,START/user-agent,en-us/rv:1.7.5,2737
181,START/user-agent,firefox/2,4059
182,START/user-agent,results/END,3987
183,START/user-agent,3.5.30729/build,4913
184,START/user-agent,sometimes/steps,4888
185,START/user-agent,en-us/rv:1.7,2455
186,START/user-agent,os/10.5,2155
187,START/user-agent,firefox/3,3126
188,nt/5.1,reproducible/always,33756
189,nt/5.1,steps/reproduce,32865
190,nt/5.1,actual/results,27819
191,nt/5.1,expected/results,27580
192,nt/5.1,always/steps,29568
193,nt/5.1,5.1/en-us,27482
194,nt/5.1,reproduce/1,19680
195,nt/5.1,x11/linux,167
196,nt/5.1,linux/i686,142
197,nt/5.1,net/clr,5507
198,nt/5.1,nt/6.1,36
199,nt/5.1,2/3,7223
200,nt/5.1,i686/en-us,94
201,nt/5.1,clr/3.5.30729,3407
202,nt/5.1,3/actual,5675
203,nt/5.1,nt/6.0,65
204,nt/5.1,intel/os,62
205,nt/5.1,macintosh/intel,62
206,nt/5.1,nt/5.0,38
207,nt/5.1,user/agent,1954
208,nt/5.1,build/id,1616
209,nt/5.1,ppc/os,37
210,nt/5.1,macintosh/ppc,36
211,nt/5.1,5.0/en-us,23
212,nt/5.1,1/2,3731
213,nt/5.1,results/firefox,2616
214,nt/5.1,START/user,1530
215,nt/5.1,6.0/en-us,27
216,nt/5.1,always/END,3269
217,nt/5.1,os/mach-o,27
218,nt/5.1,1/open,2599
219,nt/5.1,START/created,453
220,nt/5.1,6.1/wow64,4
221,nt/5.1,3/END,3098
222,nt/5.1,mach-o/en-us,27
223,nt/5.1,results/expected,2666
224,nt/5.1,reproducible/sometimes,2821
225,nt/5.1,en-us/rv:1.7.5,1477
226,nt/5.1,firefox/2,2016
227,nt/5.1,results/END,2200
228,nt/5.1,3.5.30729/build,2886
229,nt/5.1,sometimes/steps,2480
230,nt/5.1,en-us/rv:1.7,1280
231,nt/5.1,os/10.5,29
232,nt/5.1,firefox/3,1530
233,reproducible/always,steps/reproduce,59579
234,reproducible/always,actual/results,48177
235,reproducible/always,expected/results,47903
236,reproducible/always,always/steps,59592
237,reproducible/always,5.1/en-us,23817
238,reproducible/always,reproduce/1,36901
239,reproducible/always,x11/linux,10056
240,reproducible/always,linux/i686,8628
241,reproducible/always,net/clr,7616
242,reproducible/always,nt/6.1,4545
243,reproducible/always,2/3,11947
244,reproducible/always,i686/en-us,6400
245,reproducible/always,clr/3.5.30729,5222
246,reproducible/always,3/actual,9959
247,reproducible/always,nt/6.0,4755
248,reproducible/always,intel/os,4006
249,reproducible/always,macintosh/intel,4005
250,reproducible/always,nt/5.0,4858
251,reproducible/always,user/agent,102
252,reproducible/always,build/id,64
253,reproducible/always,ppc/os,3832
254,reproducible/always,macintosh/ppc,3832
255,reproducible/always,5.0/en-us,3655
256,reproducible/always,1/2,6142
257,reproducible/always,results/firefox,4677
258,reproducible/always,START/user,8
259,reproducible/always,6.0/en-us,3079
260,reproducible/always,always/END,6937
261,reproducible/always,os/mach-o,3103
262,reproducible/always,1/open,4898
263,reproducible/always,START/created,30
264,reproducible/always,6.1/wow64,1518
265,reproducible/always,3/END,5006
266,reproducible/always,mach-o/en-us,2718
267,reproducible/always,results/expected,4573
268,reproducible/always,en-us/rv:1.7.5,2514
269,reproducible/always,firefox/2,3665
270,reproducible/always,results/END,3650
271,reproducible/always,3.5.30729/build,4245
272,reproducible/always,sometimes/steps,2
273,reproducible/always,en-us/rv:1.7,2284
274,reproducible/always,os/10.5,1921
275,reproducible/always,firefox/3,2779
276,steps/reproduce,actual/results,51897
277,steps/reproduce,expected/results,51229
278,steps/reproduce,always/steps,59578
279,steps/reproduce,5.1/en-us,23448
280,steps/reproduce,reproduce/1,40890
281,steps/reproduce,x11/linux,9507
282,steps/reproduce,linux/i686,8189
283,steps/reproduce,net/clr,7044
284,steps/reproduce,nt/6.1,3790
285,steps/reproduce,2/3,13649
286,steps/reproduce,i686/en-us,6098
287,steps/reproduce,clr/3.5.30729,4652
288,steps/reproduce,3/actual,10988
289,steps/reproduce,nt/6.0,4640
290,steps/reproduce,intel/os,4004
291,steps/reproduce,macintosh/intel,4002
292,steps/reproduce,nt/5.0,4879
293,steps/reproduce,user/agent,120
294,steps/reproduce,build/id,125
295,steps/reproduce,ppc/os,3792
296,steps/reproduce,macintosh/ppc,3792
297,steps/reproduce,5.0/en-us,3700
298,steps/reproduce,1/2,7057
299,steps/reproduce,results/firefox,5085
300,steps/reproduce,START/user,10
301,steps/reproduce,6.0/en-us,3076
302,steps/reproduce,always/END,17
303,steps/reproduce,os/mach-o,3081
304,steps/reproduce,1/open,5394
305,steps/reproduce,START/created,70
306,steps/reproduce,6.1/wow64,1248
307,steps/reproduce,3/END,5783
308,steps/reproduce,mach-o/en-us,2699
309,steps/reproduce,results/expected,4872
310,steps/reproduce,reproducible/sometimes,4889
311,steps/reproduce,en-us/rv:1.7.5,2517
312,steps/reproduce,firefox/2,4019
313,steps/reproduce,results/END,3843
314,steps/reproduce,3.5.30729/build,3812
315,steps/reproduce,sometimes/steps,4891
316,steps/reproduce,en-us/rv:1.7,2448
317,steps/reproduce,os/10.5,1946
318,steps/reproduce,firefox/3,3050
319,actual/results,expected/results,58435
320,actual/results,always/steps,47304
321,actual/results,5.1/en-us,18983
322,actual/results,reproduce/1,31936
323,actual/results,x11/linux,8807
324,actual/results,linux/i686,7198
325,actual/results,net/clr,6094
326,actual/results,nt/6.1,7076
327,actual/results,2/3,7139
328,actual/results,i686/en-us,4826
329,actual/results,clr/3.5.30729,4260
330,actual/results,3/actual,11013
331,actual/results,nt/6.0,3943
332,actual/results,intel/os,4439
333,actual/results,macintosh/intel,4438
334,actual/results,nt/5.0,3788
335,actual/results,user/agent,8791
336,actual/results,build/id,7344
337,actual/results,ppc/os,3121
338,actual/results,macintosh/ppc,3118
339,actual/results,5.0/en-us,2875
340,actual/results,1/2,1978
341,actual/results,results/firefox,6062
342,actual/results,START/user,6691
343,actual/results,6.0/en-us,2457
344,actual/results,always/END,22
345,actual/results,os/mach-o,2525
346,actual/results,1/open,5150
347,actual/results,START/created,2157
348,actual/results,6.1/wow64,3613
349,actual/results,3/END,175
350,actual/results,mach-o/en-us,2224
351,actual/results,results/expected,5626
352,actual/results,reproducible/sometimes,3778
353,actual/results,en-us/rv:1.7.5,2043
354,actual/results,firefox/2,3593
355,actual/results,results/END,4668
356,actual/results,3.5.30729/build,3285
357,actual/results,sometimes/steps,3701
358,actual/results,en-us/rv:1.7,1849
359,actual/results,os/10.5,1687
360,actual/results,firefox/3,2600
361,expected/results,always/steps,46811
362,expected/results,5.1/en-us,18977
363,expected/results,reproduce/1,31711
364,expected/results,x11/linux,8700
365,expected/results,linux/i686,7125
366,expected/results,net/clr,5972
367,expected/results,nt/6.1,6804
368,expected/results,2/3,7052
369,expected/results,i686/en-us,4833
370,expected/results,clr/3.5.30729,4191
371,expected/results,3/actual,9839
372,expected/results,nt/6.0,3848
373,expected/results,intel/os,4401
374,expected/results,macintosh/intel,4400
375,expected/results,nt/5.0,3808
376,expected/results,user/agent,8382
377,expected/results,build/id,6995
378,expected/results,ppc/os,3121
379,expected/results,macintosh/ppc,3118
380,expected/results,5.0/en-us,2897
381,expected/results,1/2,2145
382,expected/results,results/firefox,5838
383,expected/results,START/user,6392
384,expected/results,6.0/en-us,2416
385,expected/results,always/END,25
386,expected/results,os/mach-o,2542
387,expected/results,1/open,5118
388,expected/results,START/created,2060
389,expected/results,6.1/wow64,3480
390,expected/results,3/END,174
391,expected/results,mach-o/en-us,2236
392,expected/results,results/expected,5686
393,expected/results,reproducible/sometimes,3607
394,expected/results,en-us/rv:1.7.5,2081
395,expected/results,firefox/2,3555
396,expected/results,results/END,4596
397,expected/results,3.5.30729/build,3255
398,expected/results,sometimes/steps,3526
399,expected/results,en-us/rv:1.7,1877
400,expected/results,os/10.5,1690
401,expected/results,firefox/3,2595
402,always/steps,5.1/en-us,21104
403,always/steps,reproduce/1,36901
404,always/steps,x11/linux,8738
405,always/steps,linux/i686,7542
406,always/steps,net/clr,6248
407,always/steps,nt/6.1,3364
408,always/steps,2/3,11919
409,always/steps,i686/en-us,5636
410,always/steps,clr/3.5.30729,4091
411,always/steps,3/actual,9958
412,always/steps,nt/6.0,4074
413,always/steps,intel/os,3527
414,always/steps,macintosh/intel,3525
415,always/steps,nt/5.0,4498
416,always/steps,user/agent,96
417,always/steps,build/id,54
418,always/steps,ppc/os,3462
419,always/steps,macintosh/ppc,3462
420,always/steps,5.0/en-us,3409
421,always/steps,1/2,6104
422,always/steps,results/firefox,4595
423,always/steps,START/user,7
424,always/steps,6.0/en-us,2686
425,always/steps,always/END,8
426,always/steps,os/mach-o,2825
427,always/steps,1/open,4879
428,always/steps,START/created,28
429,always/steps,6.1/wow64,1123
430,always/steps,3/END,5004
431,always/steps,mach-o/en-us,2470
432,always/steps,results/expected,4478
433,always/steps,en-us/rv:1.7.5,2323
434,always/steps,firefox/2,3588
435,always/steps,results/END,3521
436,always/steps,3.5.30729/build,3335
437,always/steps,sometimes/steps,2
438,always/steps,en-us/rv:1.7,2279
439,always/steps,os/10.5,1737
440,always/steps,firefox/3,2699
441,5.1/en-us,reproduce/1,14215
442,5.1/en-us,x11/linux,111
443,5.1/en-us,linux/i686,94
444,5.1/en-us,net/clr,2728
445,5.1/en-us,nt/6.1,7
446,5.1/en-us,2/3,4983
447,5.1/en-us,i686/en-us,70
448,5.1/en-us,clr/3.5.30729,2149
449,5.1/en-us,3/actual,4092
450,5.1/en-us,nt/6.0,19
451,5.1/en-us,intel/os,40
452,5.1/en-us,macintosh/intel,40
453,5.1/en-us,nt/5.0,17
454,5.1/en-us,user/agent,188
455,5.1/en-us,build/id,189
456,5.1/en-us,ppc/os,27
457,5.1/en-us,macintosh/ppc,28
458,5.1/en-us,5.0/en-us,13
459,5.1/en-us,1/2,2452
460,5.1/en-us,results/firefox,1724
461,5.1/en-us,START/user,85
462,5.1/en-us,6.0/en-us,17
463,5.1/en-us,always/END,2110
464,5.1/en-us,os/mach-o,22
465,5.1/en-us,1/open,1887
466,5.1/en-us,START/created,114
467,5.1/en-us,3/END,2061
468,5.1/en-us,mach-o/en-us,24
469,5.1/en-us,results/expected,1763
470,5.1/en-us,reproducible/sometimes,2014
471,5.1/en-us,en-us/rv:1.7.5,1476
472,5.1/en-us,firefox/2,1387
473,5.1/en-us,results/END,1389
474,5.1/en-us,3.5.30729/build,1898
475,5.1/en-us,sometimes/steps,1771
476,5.1/en-us,en-us/rv:1.7,1278
477,5.1/en-us,os/10.5,21
478,5.1/en-us,firefox/3,1051
479,reproduce/1,x11/linux,6381
480,reproduce/1,linux/i686,5463
481,reproduce/1,net/clr,3680
482,reproduce/1,nt/6.1,2304
483,reproduce/1,2/3,9958
484,reproduce/1,i686/en-us,4048
485,reproduce/1,clr/3.5.30729,2478
486,reproduce/1,3/actual,5805
487,reproduce/1,nt/6.0,2733
488,reproduce/1,intel/os,2670
489,reproduce/1,macintosh/intel,2669
490,reproduce/1,nt/5.0,3046
491,reproduce/1,user/agent,87
492,reproduce/1,build/id,100
493,reproduce/1,ppc/os,2340
494,reproduce/1,macintosh/ppc,2339
495,reproduce/1,5.0/en-us,2370
496,reproduce/1,1/2,6863
497,reproduce/1,results/firefox,3163
498,reproduce/1,START/user,12
499,reproduce/1,6.0/en-us,1796
500,reproduce/1,always/END,11
501,reproduce/1,os/mach-o,1893
502,reproduce/1,1/open,5292
503,reproduce/1,START/created,77
504,reproduce/1,6.1/wow64,874
505,reproduce/1,3/END,4932
506,reproduce/1,mach-o/en-us,1653
507,reproduce/1,results/expected,2581
508,reproduce/1,reproducible/sometimes,2726
509,reproduce/1,en-us/rv:1.7.5,1647
510,reproduce/1,firefox/2,3219
511,reproduce/1,results/END,2068
512,reproduce/1,3.5.30729/build,2055
513,reproduce/1,sometimes/steps,2727
514,reproduce/1,en-us/rv:1.7,1709
515,reproduce/1,os/10.5,1324
516,reproduce/1,firefox/3,2291
517,x11/linux,linux/i686,10311
518,x11/linux,net/clr,53
519,x11/linux,nt/6.1,18
520,x11/linux,2/3,1820
521,x11/linux,i686/en-us,7164
522,x11/linux,clr/3.5.30729,42
523,x11/linux,3/actual,1393
524,x11/linux,nt/6.0,15
525,x11/linux,intel/os,33
526,x11/linux,macintosh/intel,31
527,x11/linux,nt/5.0,34
528,x11/linux,user/agent,1290
529,x11/linux,build/id,1155
530,x11/linux,ppc/os,13
531,x11/linux,macintosh/ppc,14
532,x11/linux,5.0/en-us,23
533,x11/linux,1/2,1074
534,x11/linux,results/firefox,1105
535,x11/linux,START/user,996
536,x11/linux,6.0/en-us,8
537,x11/linux,always/END,1090
538,x11/linux,os/mach-o,9
539,x11/linux,1/open,862
540,x11/linux,START/created,347
541,x11/linux,6.1/wow64,7
542,x11/linux,3/END,769
543,x11/linux,mach-o/en-us,7
544,x11/linux,results/expected,750
545,x11/linux,reproducible/sometimes,652
546,x11/linux,en-us/rv:1.7.5,400
547,x11/linux,firefox/2,648
548,x11/linux,results/END,674
549,x11/linux,3.5.30729/build,21
550,x11/linux,sometimes/steps,597
551,x11/linux,en-us/rv:1.7,410
552,x11/linux,os/10.5,10
553,x11/linux,firefox/3,510
554,linux/i686,net/clr,32
555,linux/i686,nt/6.1,10
556,linux/i686,2/3,1595
557,linux/i686,i686/en-us,7167
558,linux/i686,clr/3.5.30729,22
559,linux/i686,3/actual,1189
560,linux/i686,nt/6.0,13
561,linux/i686,intel/os,24
562,linux/i686,macintosh/intel,22
563,linux/i686,nt/5.0,29
564,linux/i686,user/agent,764
565,linux/i686,build/id,720
566,linux/i686,ppc/os,12
567,linux/i686,macintosh/ppc,13
568,linux/i686,5.0/en-us,21
569,linux/i686,1/2,966
570,linux/i686,results/firefox,869
571,linux/i686,START/user,593
572,linux/i686,6.0/en-us,6
573,linux/i686,always/END,886
574,linux/i686,os/mach-o,9
575,linux/i686,1/open,707
576,linux/i686,START/created,215
577,linux/i686,6.1/wow64,4
578,linux/i686,3/END,698
579,linux/i686,mach-o/en-us,7
580,linux/i686,results/expected,650
581,linux/i686,reproducible/sometimes,540
582,linux/i686,en-us/rv:1.7.5,379
583,linux/i686,firefox/2,555
584,linux/i686,results/END,545
585,linux/i686,3.5.30729/build,14
586,linux/i686,sometimes/steps,493
587,linux/i686,en-us/rv:1.7,400
588,linux/i686,os/10.5,10
589,linux/i686,firefox/3,430
590,net/clr,nt/6.1,937
591,net/clr,2/3,1547
592,net/clr,i686/en-us,15
593,net/clr,clr/3.5.30729,6352
594,net/clr,3/actual,1439
595,net/clr,nt/6.0,2231
596,net/clr,intel/os,29
597,net/clr,macintosh/intel,28
598,net/clr,nt/5.0,202
599,net/clr,user/agent,319
600,net/clr,build/id,41
601,net/clr,ppc/os,2
602,net/clr,macintosh/ppc,1
603,net/clr,5.0/en-us,48
604,net/clr,1/2,585
605,net/clr,results/firefox,656
606,net/clr,START/user,241
607,net/clr,6.0/en-us,1332
608,net/clr,always/END,1025
609,net/clr,os/mach-o,1
610,net/clr,1/open,526
611,net/clr,START/created,78
612,net/clr,6.1/wow64,219
613,net/clr,3/END,546
614,net/clr,results/expected,653
615,net/clr,reproducible/sometimes,766
616,net/clr,en-us/rv:1.7.5,40
617,net/clr,firefox/2,501
618,net/clr,results/END,525
619,net/clr,3.5.30729/build,4936
620,net/clr,sometimes/steps,632
621,net/clr,en-us/rv:1.7,32
622,net/clr,os/10.5,16
623,net/clr,firefox/3,315
624,nt/6.1,2/3,464
625,nt/6.1,clr/3.5.30729,931
626,nt/6.1,3/actual,540
627,nt/6.1,nt/6.0,10
628,nt/6.1,intel/os,22
629,nt/6.1,macintosh/intel,22
630,nt/6.1,user/agent,3978
631,nt/6.1,build/id,3331
632,nt/6.1,1/2,107
633,nt/6.1,results/firefox,750
634,nt/6.1,START/user,3017
635,nt/6.1,6.0/en-us,2
636,nt/6.1,always/END,938
637,nt/6.1,1/open,569
638,nt/6.1,START/created,1057
639,nt/6.1,6.1/wow64,4523
640,nt/6.1,3/END,105
641,nt/6.1,results/expected,566
642,nt/6.1,reproducible/sometimes,434
643,nt/6.1,firefox/2,328
644,nt/6.1,results/END,638
645,nt/6.1,3.5.30729/build,461
646,nt/6.1,sometimes/steps,347
647,nt/6.1,os/10.5,7
648,nt/6.1,firefox/3,193
649,2/3,i686/en-us,1168
650,2/3,clr/3.5.30729,790
651,2/3,3/actual,5893
652,2/3,nt/6.0,1095
653,2/3,intel/os,667
654,2/3,macintosh/intel,667
655,2/3,nt/5.0,1003
656,2/3,user/agent,81
657,2/3,build/id,69
658,2/3,ppc/os,798
659,2/3,macintosh/ppc,801
660,2/3,5.0/en-us,717
661,2/3,1/2,6184
662,2/3,results/firefox,648
663,2/3,START/user,51
664,2/3,6.0/en-us,728
665,2/3,always/END,24
666,2/3,os/mach-o,594
667,2/3,1/open,305
668,2/3,START/created,47
669,2/3,6.1/wow64,130
670,2/3,3/END,5141
671,2/3,mach-o/en-us,512
672,2/3,results/expected,879
673,2/3,reproducible/sometimes,1118
674,2/3,en-us/rv:1.7.5,533
675,2/3,firefox/2,880
676,2/3,results/END,817
677,2/3,3.5.30729/build,639
678,2/3,sometimes/steps,1113
679,2/3,en-us/rv:1.7,531
680,2/3,os/10.5,343
681,2/3,firefox/3,400
682,i686/en-us,clr/3.5.30729,10
683,i686/en-us,3/actual,883
684,i686/en-us,nt/6.0,5
685,i686/en-us,intel/os,11
686,i686/en-us,macintosh/intel,10
687,i686/en-us,nt/5.0,24
688,i686/en-us,user/agent,36
689,i686/en-us,build/id,42
690,i686/en-us,ppc/os,9
691,i686/en-us,macintosh/ppc,10
692,i686/en-us,5.0/en-us,18
693,i686/en-us,1/2,695
694,i686/en-us,results/firefox,542
695,i686/en-us,START/user,23
696,i686/en-us,6.0/en-us,5
697,i686/en-us,always/END,655
698,i686/en-us,os/mach-o,7
699,i686/en-us,1/open,506
700,i686/en-us,START/created,18
701,i686/en-us,3/END,505
702,i686/en-us,mach-o/en-us,6
703,i686/en-us,results/expected,452
704,i686/en-us,reproducible/sometimes,373
705,i686/en-us,en-us/rv:1.7.5,378
706,i686/en-us,firefox/2,397
707,i686/en-us,results/END,353
708,i686/en-us,3.5.30729/build,7
709,i686/en-us,sometimes/steps,347
710,i686/en-us,en-us/rv:1.7,400
711,i686/en-us,os/10.5,9
712,i686/en-us,firefox/3,295
713,clr/3.5.30729,3/actual,814
714,clr/3.5.30729,nt/6.0,1926
715,clr/3.5.30729,intel/os,24
716,clr/3.5.30729,macintosh/intel,23
717,clr/3.5.30729,nt/5.0,2
718,clr/3.5.30729,user/agent,303
719,clr/3.5.30729,build/id,40
720,clr/3.5.30729,5.0/en-us,1
721,clr/3.5.30729,1/2,199
722,clr/3.5.30729,results/firefox,462
723,clr/3.5.30729,START/user,231
724,clr/3.5.30729,6.0/en-us,1258
725,clr/3.5.30729,always/END,858
726,clr/3.5.30729,1/open,422
727,clr/3.5.30729,START/created,75
728,clr/3.5.30729,6.1/wow64,217
729,clr/3.5.30729,3/END,234
730,clr/3.5.30729,results/expected,452
731,clr/3.5.30729,reproducible/sometimes,584
732,clr/3.5.30729,firefox/2,320
733,clr/3.5.30729,results/END,357
734,clr/3.5.30729,3.5.30729/build,4936
735,clr/3.5.30729,sometimes/steps,465
736,clr/3.5.30729,en-us/rv:1.7,1
737,clr/3.5.30729,os/10.5,13
738,clr/3.5.30729,firefox/3,193
739,3/actual,nt/6.0,761
740,3/actual,intel/os,565
741,3/actual,macintosh/intel,565
742,3/actual,nt/5.0,819
743,3/actual,user/agent,35
744,3/actual,build/id,24
745,3/actual,ppc/os,727
746,3/actual,macintosh/ppc,728
747,3/actual,5.0/en-us,590
748,3/actual,1/2,1010
749,3/actual,results/firefox,1002
750,3/actual,START/user,18
751,3/actual,6.0/en-us,533
752,3/actual,always/END,2
753,3/actual,os/mach-o,564
754,3/actual,1/open,454
755,3/actual,START/created,5
756,3/actual,6.1/wow64,155
757,3/actual,3/END,26
758,3/actual,mach-o/en-us,498
759,3/actual,results/expected,1277
760,3/actual,reproducible/sometimes,843
761,3/actual,en-us/rv:1.7.5,504
762,3/actual,firefox/2,781
763,3/actual,results/END,1121
764,3/actual,3.5.30729/build,656
765,3/actual,sometimes/steps,843
766,3/actual,en-us/rv:1.7,379
767,3/actual,os/10.5,307
768,3/actual,firefox/3,507
769,nt/6.0,intel/os,9
770,nt/6.0,macintosh/intel,9
771,nt/6.0,nt/5.0,3
772,nt/6.0,user/agent,347
773,nt/6.0,build/id,327
774,nt/6.0,ppc/os,1
775,nt/6.0,macintosh/ppc,1
776,nt/6.0,5.0/en-us,2
777,nt/6.0,1/2,603
778,nt/6.0,results/firefox,448
779,nt/6.0,START/user,262
780,nt/6.0,6.0/en-us,3676
781,nt/6.0,always/END,516
782,nt/6.0,os/mach-o,1
783,nt/6.0,1/open,406
784,nt/6.0,START/created,113
785,nt/6.0,6.1/wow64,2
786,nt/6.0,3/END,539
787,nt/6.0,results/expected,360
788,nt/6.0,reproducible/sometimes,517
789,nt/6.0,firefox/2,362
790,nt/6.0,results/END,306
791,nt/6.0,3.5.30729/build,1510
792,nt/6.0,sometimes/steps,447
793,nt/6.0,os/10.5,5
794,nt/6.0,firefox/3,362
795,intel/os,macintosh/intel,6374
796,intel/os,nt/5.0,1
797,intel/os,user/agent,1131
798,intel/os,build/id,888
799,intel/os,ppc/os,14
800,intel/os,macintosh/ppc,12
801,intel/os,5.0/en-us,1
802,intel/os,1/2,342
803,intel/os,results/firefox,447
804,intel/os,START/user,834
805,intel/os,6.0/en-us,9
806,intel/os,always/END,368
807,intel/os,os/mach-o,6
808,intel/os,1/open,506
809,intel/os,START/created,458
810,intel/os,6.1/wow64,4
811,intel/os,3/END,275
812,intel/os,mach-o/en-us,6
813,intel/os,results/expected,358
814,intel/os,reproducible/sometimes,374
815,intel/os,firefox/2,340
816,intel/os,results/END,298
817,intel/os,3.5.30729/build,8
818,intel/os,sometimes/steps,337
819,intel/os,os/10.5,2220
820,intel/os,firefox/3,323
821,macintosh/intel,nt/5.0,1
822,macintosh/intel,user/agent,1131
823,macintosh/intel,build/id,888
824,macintosh/intel,ppc/os,14
825,macintosh/intel,macintosh/ppc,12
826,macintosh/intel,5.0/en-us,1
827,macintosh/intel,1/2,342
828,macintosh/intel,results/firefox,447
829,macintosh/intel,START/user,834
830,macintosh/intel,6.0/en-us,9
831,macintosh/intel,always/END,368
832,macintosh/intel,os/mach-o,6
833,macintosh/intel,1/open,503
834,macintosh/intel,START/created,456
835,macintosh/intel,6.1/wow64,4
836,macintosh/intel,3/END,275
837,macintosh/intel,mach-o/en-us,6
838,macintosh/intel,results/expected,358
839,macintosh/intel,reproducible/sometimes,374
840,macintosh/intel,firefox/2,339
841,macintosh/intel,results/END,299
842,macintosh/intel,3.5.30729/build,7
843,macintosh/intel,sometimes/steps,337
844,macintosh/intel,os/10.5,2218
845,macintosh/intel,firefox/3,322
846,nt/5.0,user/agent,30
847,nt/5.0,build/id,28
848,nt/5.0,ppc/os,6
849,nt/5.0,macintosh/ppc,6
850,nt/5.0,5.0/en-us,4280
851,nt/5.0,1/2,562
852,nt/5.0,results/firefox,299
853,nt/5.0,START/user,17
854,nt/5.0,6.0/en-us,2
855,nt/5.0,always/END,290
856,nt/5.0,os/mach-o,5
857,nt/5.0,1/open,390
858,nt/5.0,START/created,19
859,nt/5.0,3/END,431
860,nt/5.0,mach-o/en-us,4
861,nt/5.0,results/expected,356
862,nt/5.0,reproducible/sometimes,287
863,nt/5.0,en-us/rv:1.7.5,432
864,nt/5.0,firefox/2,247
865,nt/5.0,results/END,298
866,nt/5.0,3.5.30729/build,2
867,nt/5.0,sometimes/steps,265
868,nt/5.0,en-us/rv:1.7,469
869,nt/5.0,firefox/3,124
870,user/agent,build/id,7964
871,user/agent,ppc/os,15
872,user/agent,macintosh/ppc,15
873,user/agent,5.0/en-us,7
874,user/agent,1/2,62
875,user/agent,results/firefox,1014
876,user/agent,START/user,7443
877,user/agent,6.0/en-us,15
878,user/agent,always/END,3
879,user/agent,os/mach-o,4
880,user/agent,1/open,183
881,user/agent,START/created,2159
882,user/agent,6.1/wow64,2686
883,user/agent,3/END,14
884,user/agent,mach-o/en-us,2
885,user/agent,results/expected,658
886,user/agent,reproducible/sometimes,11
887,user/agent,en-us/rv:1.7.5,4
888,user/agent,firefox/2,91
889,user/agent,results/END,873
890,user/agent,3.5.30729/build,31
891,user/agent,sometimes/steps,10
892,user/agent,en-us/rv:1.7,5
893,user/agent,os/10.5,49
894,user/agent,firefox/3,72
895,build/id,ppc/os,15
896,build/id,macintosh/ppc,15
897,build/id,5.0/en-us,7
898,build/id,1/2,53
899,build/id,results/firefox,847
900,build/id,START/user,6152
901,build/id,6.0/en-us,25
902,build/id,always/END,4
903,build/id,os/mach-o,6
904,build/id,1/open,181
905,build/id,START/created,1834
906,build/id,6.1/wow64,2238
907,build/id,3/END,14
908,build/id,mach-o/en-us,4
909,build/id,results/expected,508
910,build/id,reproducible/sometimes,12
911,build/id,firefox/2,115
912,build/id,results/END,676
913,build/id,3.5.30729/build,30
914,build/id,sometimes/steps,11
915,build/id,en-us/rv:1.7,2
916,build/id,os/10.5,58
917,build/id,firefox/3,63
918,ppc/os,macintosh/ppc,4381
919,ppc/os,5.0/en-us,4
920,ppc/os,1/2,363
921,ppc/os,results/firefox,266
922,ppc/os,START/user,9
923,ppc/os,6.0/en-us,1
924,ppc/os,always/END,273
925,ppc/os,os/mach-o,3545
926,ppc/os,1/open,356
927,ppc/os,START/created,8
928,ppc/os,3/END,310
929,ppc/os,mach-o/en-us,3107
930,ppc/os,results/expected,328
931,ppc/os,reproducible/sometimes,298
932,ppc/os,en-us/rv:1.7.5,266
933,ppc/os,firefox/2,267
934,ppc/os,results/END,225
935,ppc/os,sometimes/steps,262
936,ppc/os,en-us/rv:1.7,156
937,ppc/os,os/10.5,270
938,ppc/os,firefox/3,134
939,macintosh/ppc,5.0/en-us,4
940,macintosh/ppc,1/2,364
941,macintosh/ppc,results/firefox,266
942,macintosh/ppc,START/user,9
943,macintosh/ppc,6.0/en-us,1
944,macintosh/ppc,always/END,273
945,macintosh/ppc,os/mach-o,3545
946,macintosh/ppc,1/open,355
947,macintosh/ppc,START/created,8
948,macintosh/ppc,3/END,311
949,macintosh/ppc,mach-o/en-us,3110
950,macintosh/ppc,results/expected,328
951,macintosh/ppc,reproducible/sometimes,299
952,macintosh/ppc,en-us/rv:1.7.5,266
953,macintosh/ppc,firefox/2,265
954,macintosh/ppc,results/END,226
955,macintosh/ppc,sometimes/steps,263
956,macintosh/ppc,en-us/rv:1.7,156
957,macintosh/ppc,os/10.5,269
958,macintosh/ppc,firefox/3,134
959,5.0/en-us,1/2,396
960,5.0/en-us,results/firefox,209
961,5.0/en-us,START/user,1
962,5.0/en-us,6.0/en-us,2
963,5.0/en-us,always/END,206
964,5.0/en-us,os/mach-o,4
965,5.0/en-us,1/open,309
966,5.0/en-us,START/created,14
967,5.0/en-us,3/END,299
968,5.0/en-us,mach-o/en-us,3
969,5.0/en-us,results/expected,252
970,5.0/en-us,reproducible/sometimes,216
971,5.0/en-us,en-us/rv:1.7.5,431
972,5.0/en-us,firefox/2,189
973,5.0/en-us,results/END,208
974,5.0/en-us,3.5.30729/build,1
975,5.0/en-us,sometimes/steps,202
976,5.0/en-us,en-us/rv:1.7,468
977,5.0/en-us,firefox/3,92
978,1/2,results/firefox,176
979,1/2,START/user,42
980,1/2,6.0/en-us,392
981,1/2,always/END,27
982,1/2,os/mach-o,272
983,1/2,1/open,74
984,1/2,START/created,43
985,1/2,6.1/wow64,39
986,1/2,3/END,4243
987,1/2,mach-o/en-us,224
988,1/2,results/expected,258
989,1/2,reproducible/sometimes,485
990,1/2,en-us/rv:1.7.5,234
991,1/2,firefox/2,173
992,1/2,results/END,270
993,1/2,3.5.30729/build,163
994,1/2,sometimes/steps,482
995,1/2,en-us/rv:1.7,345
996,1/2,os/10.5,171
997,1/2,firefox/3,279
998,results/firefox,START/user,801
999,results/firefox,6.0/en-us,259
1000,results/firefox,always/END,6
1001,results/firefox,os/mach-o,216
1002,results/firefox,1/open,546
1003,results/firefox,START/created,210
1004,results/firefox,6.1/wow64,383
1005,results/firefox,3/END,23
1006,results/firefox,mach-o/en-us,190
1007,results/firefox,results/expected,186
1008,results/firefox,reproducible/sometimes,430
1009,results/firefox,en-us/rv:1.7.5,221
1010,results/firefox,firefox/2,636
1011,results/firefox,results/END,210
1012,results/firefox,3.5.30729/build,349
1013,results/firefox,sometimes/steps,418
1014,results/firefox,en-us/rv:1.7,191
1015,results/firefox,os/10.5,136
1016,results/firefox,firefox/3,455
1017,START/user,6.0/en-us,7
1018,START/user,os/mach-o,1
1019,START/user,1/open,134
1020,START/user,6.1/wow64,2028
1021,START/user,3/END,10
1022,START/user,results/expected,534
1023,START/user,en-us/rv:1.7.5,1
1024,START/user,firefox/2,61
1025,START/user,results/END,665
1026,START/user,3.5.30729/build,20
1027,START/user,os/10.5,36
1028,START/user,firefox/3,45
1029,6.0/en-us,always/END,302
1030,6.0/en-us,os/mach-o,1
1031,6.0/en-us,1/open,249
1032,6.0/en-us,START/created,32
1033,6.0/en-us,3/END,347
1034,6.0/en-us,results/expected,235
1035,6.0/en-us,reproducible/sometimes,354
1036,6.0/en-us,firefox/2,252
1037,6.0/en-us,results/END,182
1038,6.0/en-us,3.5.30729/build,1050
1039,6.0/en-us,sometimes/steps,306
1040,6.0/en-us,os/10.5,5
1041,6.0/en-us,firefox/3,248
1042,always/END,os/mach-o,205
1043,always/END,1/open,14
1044,always/END,START/created,1
1045,always/END,6.1/wow64,339
1046,always/END,mach-o/en-us,188
1047,always/END,results/expected,2
1048,always/END,reproducible/sometimes,5
1049,always/END,en-us/rv:1.7.5,148
1050,always/END,firefox/2,55
1051,always/END,3.5.30729/build,699
1052,always/END,sometimes/steps,5
1053,always/END,en-us/rv:1.7,8
1054,always/END,os/10.5,143
1055,always/END,firefox/3,64
1056,os/mach-o,1/open,306
1057,os/mach-o,START/created,2
1058,os/mach-o,3/END,226
1059,os/mach-o,mach-o/en-us,3107
1060,os/mach-o,results/expected,260
1061,os/mach-o,reproducible/sometimes,236
1062,os/mach-o,en-us/rv:1.7.5,265
1063,os/mach-o,firefox/2,202
1064,os/mach-o,results/END,192
1065,os/mach-o,sometimes/steps,208
1066,os/mach-o,en-us/rv:1.7,156
1067,os/mach-o,os/10.5,8
1068,os/mach-o,firefox/3,76
1069,1/open,START/created,175
1070,1/open,6.1/wow64,263
1071,1/open,3/END,76
1072,1/open,mach-o/en-us,280
1073,1/open,results/expected,371
1074,1/open,reproducible/sometimes,405
1075,1/open,en-us/rv:1.7.5,214
1076,1/open,firefox/2,963
1077,1/open,results/END,283
1078,1/open,3.5.30729/build,355
1079,1/open,sometimes/steps,404
1080,1/open,en-us/rv:1.7,173
1081,1/open,os/10.5,235
1082,1/open,firefox/3,291
1083,START/created,6.1/wow64,711
1084,START/created,3/END,16
1085,START/created,mach-o/en-us,2
1086,START/created,results/expected,132
1087,START/created,reproducible/sometimes,1
1088,START/created,firefox/2,81
1089,START/created,results/END,224
1090,START/created,3.5.30729/build,3
1091,START/created,os/10.5,86
1092,START/created,firefox/3,63
1093,6.1/wow64,3/END,27
1094,6.1/wow64,results/expected,245
1095,6.1/wow64,reproducible/sometimes,118
1096,6.1/wow64,firefox/2,121
1097,6.1/wow64,results/END,308
1098,6.1/wow64,3.5.30729/build,23
1099,6.1/wow64,sometimes/steps,96
1100,6.1/wow64,os/10.5,2
1101,6.1/wow64,firefox/3,79
1102,3/END,mach-o/en-us,194
1103,3/END,results/expected,10
1104,3/END,reproducible/sometimes,464
1105,3/END,en-us/rv:1.7.5,192
1106,3/END,firefox/2,222
1107,3/END,3.5.30729/build,187
1108,3/END,sometimes/steps,464
1109,3/END,en-us/rv:1.7,257
1110,3/END,os/10.5,135
1111,3/END,firefox/3,288
1112,mach-o/en-us,results/expected,227
1113,mach-o/en-us,reproducible/sometimes,209
1114,mach-o/en-us,en-us/rv:1.7.5,265
1115,mach-o/en-us,firefox/2,182
1116,mach-o/en-us,results/END,167
1117,mach-o/en-us,sometimes/steps,184
1118,mach-o/en-us,en-us/rv:1.7,156
1119,mach-o/en-us,os/10.5,8
1120,mach-o/en-us,firefox/3,59
1121,results/expected,reproducible/sometimes,302
1122,results/expected,en-us/rv:1.7.5,208
1123,results/expected,firefox/2,253
1124,results/expected,results/END,1374
1125,results/expected,3.5.30729/build,342
1126,results/expected,sometimes/steps,295
1127,results/expected,en-us/rv:1.7,144
1128,results/expected,os/10.5,150
1129,results/expected,firefox/3,188
1130,reproducible/sometimes,en-us/rv:1.7.5,153
1131,reproducible/sometimes,firefox/2,354
1132,reproducible/sometimes,results/END,273
1133,reproducible/sometimes,3.5.30729/build,496
1134,reproducible/sometimes,sometimes/steps,4889
1135,reproducible/sometimes,en-us/rv:1.7,109
1136,reproducible/sometimes,os/10.5,163
1137,reproducible/sometimes,firefox/3,275
1138,en-us/rv:1.7.5,firefox/2,145
1139,en-us/rv:1.7.5,results/END,159
1140,en-us/rv:1.7.5,sometimes/steps,144
1141,en-us/rv:1.7.5,en-us/rv:1.7,4
1142,en-us/rv:1.7.5,firefox/3,78
1143,firefox/2,results/END,212
1144,firefox/2,3.5.30729/build,269
1145,firefox/2,sometimes/steps,347
1146,firefox/2,en-us/rv:1.7,130
1147,firefox/2,os/10.5,156
1148,firefox/2,firefox/3,734
1149,results/END,3.5.30729/build,242
1150,results/END,sometimes/steps,256
1151,results/END,en-us/rv:1.7,138
1152,results/END,os/10.5,110
1153,results/END,firefox/3,130
1154,3.5.30729/build,sometimes/steps,397
1155,3.5.30729/build,os/10.5,9
1156,3.5.30729/build,firefox/3,165
1157,sometimes/steps,en-us/rv:1.7,109
1158,sometimes/steps,os/10.5,145
1159,sometimes/steps,firefox/3,269
1160,en-us/rv:1.7,firefox/3,66
1161,os/10.5,firefox/3,207
